ndex,species,forme,move1,move2,move3,move4,move5,move6,move7,move8,move9
1,Bulbasaur,Bulbasaur,Tackle,,,,,,,,
2,Ivysaur,Ivysaur,Tackle,Growl,Leech Seed,,,,,,
3,Venusaur,Venusaur,Petal Dance,Tackle,Growl,Leech Seed,Vine Whip,,,,
3,Venusaur,Venusaur (Mega Venusaur),Petal Dance,Tackle,Growl,Leech Seed,Vine Whip,,,,
4,Charmander,Charmander,Scratch,Growl,,,,,,,
5,Charmeleon,Charmeleon,Scratch,Growl,Ember,,,,,,
6,Charizard,Charizard,Wing Attack,Flare Blitz,Heat Wave,Dragon Claw,Shadow Claw,Air Slash,Scratch,Growl,Ember
6,Charizard,Charizard (Mega Charizard X),Wing Attack,Flare Blitz,Heat Wave,Dragon Claw,Shadow Claw,Air Slash,Scratch,Growl,Ember
6,Charizard,Charizard (Mega Charizard Y),Wing Attack,Flare Blitz,Heat Wave,Dragon Claw,Shadow Claw,Air Slash,Scratch,Growl,Ember
7,Squirtle,Squirtle,Tackle,,,,,,,,
8,Wartortle,Wartortle,Tackle,Tail Whip,Water Gun,,,,,,
9,Blastoise,Blastoise,Flash Cannon,Tackle,Tail Whip,Water Gun,Withdraw,,,,
9,Blastoise,Blastoise (Mega Blastoise),Flash Cannon,Tackle,Tail Whip,Water Gun,Withdraw,,,,
10,Caterpie,Caterpie,Tackle,String Shot,Bug Bite,Electroweb,Snore,,,,
11,Metapod,Metapod,Harden,Bug Bite,Iron Defense,Electroweb,Prev - Tackle,Prev - String Shot,Prev - Bug Bite,,
12,Butterfree,Butterfree,Gust,Confusion,,,,,,,
13,Weedle,Weedle,Poison Sting,String Shot,Bug Bite,Electroweb,,,,,
14,Kakuna,Kakuna,Harden,Bug Bite,Iron Defense,Electroweb,Prev - Poison Sting,Prev - String Shot,Prev - Bug Bite,,
15,Beedrill,Beedrill,Twineedle,Fury Attack,,,,,,,
15,Beedrill,Beedrill (Mega Beedrill),Twineedle,Fury Attack,,,,,,,
16,Pidgey,Pidgey,Tackle,,,,,,,,
17,Pidgeotto,Pidgeotto,Tackle,Sand Attack,Gust,,,,,,
18,Pidgeot,Pidgeot,Hurricane,Tackle,Sand Attack,Gust,Quick Attack,,,,
18,Pidgeot,Pidgeot (Mega Pidgeot),Hurricane,Tackle,Sand Attack,Gust,Quick Attack,,,,
19,Rattata,Rattata,Tackle,Tail Whip,,,,,,,
19,Rattata,Rattata (Alola Form),Tackle,Tail Whip,,,,,,,
20,Raticate,Raticate,Scary Face,Swords Dance,Tackle,Tail Whip,Quick Attack,Focus Energy,,,
20,Raticate,Raticate (Alola Form),Scary Face,Swords Dance,Tackle,Tail Whip,Quick Attack,Focus Energy,,,
20,Raticate,Raticate (2),Scary Face,Swords Dance,Tackle,Tail Whip,Quick Attack,Focus Energy,,,
21,Spearow,Spearow,Peck,Growl,,,,,,,
22,Fearow,Fearow,Drill Run,Pluck,Peck,Growl,Leer,Pursuit,,,
23,Ekans,Ekans,Wrap,Leer,,,,,,,
24,Arbok,Arbok,Crunch,Ice Fang,Thunder Fang,Fire Fang,Wrap,Leer,Poison Sting,Bite,
25,Pikachu,Pikachu,Tail Whip,Thunder Shock,,,,,,,
25,Pikachu,Pikachu (Original Cap),Tail Whip,Thunder Shock,,,,,,,
25,Pikachu,Pikachu (Hoenn Cap),Tail Whip,Thunder Shock,,,,,,,
25,Pikachu,Pikachu (Sinnoh Cap),Tail Whip,Thunder Shock,,,,,,,
25,Pikachu,Pikachu (Unova Cap),Tail Whip,Thunder Shock,,,,,,,
25,Pikachu,Pikachu (Kalos Cap),Tail Whip,Thunder Shock,,,,,,,
25,Pikachu,Pikachu (Alola Cap),Tail Whip,Thunder Shock,,,,,,,
26,Raichu,Raichu,Thunder Shock,Tail Whip,Quick Attack,Thunderbolt,,,,,
26,Raichu,Raichu (Alola Form),Psychic,Speed Swap,Thunder Shock,Tail Whip,Quick Attack,Thunderbolt,,,
27,Sandshrew,Sandshrew,Scratch,Defense Curl,,,,,,,
27,Sandshrew,Sandshrew (Alola Form),Scratch,Defense Curl,,,,,,,
28,Sandslash,Sandslash,Crush Claw,Scratch,Defense Curl,Sand Attack,Poison Sting,,,,
28,Sandslash,Sandslash (Alola Form),Icicle Spear,Metal Burst,Icicle Crash,Slash,Defense Curl,Ice Ball,Metal Claw,,
29,Nidoran♀,Nidoran♀,Growl,Scratch,,,,,,,
30,Nidorina,Nidorina,Growl,Scratch,,,,,,,
31,Nidoqueen,Nidoqueen,Superpower,Scratch,Tail Whip,Double Kick,Poison Sting,,,,
32,Nidoran♂,Nidoran♂,Leer,Peck,,,,,,,
33,Nidorino,Nidorino,Leer,Peck,,,,,,,
34,Nidoking,Nidoking,Megahorn,Peck,Focus Energy,Double Kick,Poison Sting,,,,
35,Clefairy,Clefairy,Spotlight,Disarming Voice,Pound,Growl,Encore,,,,
36,Clefable,Clefable,Spotlight,Disarming Voice,Sing,Double Slap,Minimize,Metronome,,,
37,Vulpix,Vulpix,Ember,,,,,,,,
37,Vulpix,Vulpix (Alola Form),Powder Snow,,,,,,,,
38,Ninetales,Ninetales,Imprison,Nasty Plot,Flamethrower,Quick Attack,Confuse Ray,Safeguard,,,
38,Ninetales,Ninetales (Alola Form),Dazzling Gleam,Imprison,Nasty Plot,Ice Beam,Ice Shard,Confuse Ray,Safeguard,,
39,Jigglypuff,Jigglypuff,Sing,,,,,,,,
40,Wigglytuff,Wigglytuff,Double-Edge,Play Rough,Sing,Defense Curl,Disable,Double Slap,,,
41,Zubat,Zubat,Absorb,,,,,,,,
42,Golbat,Golbat,Screech,Absorb,Supersonic,Astonish,Bite,,,,
43,Oddish,Oddish,Absorb,Growth,,,,,,,
44,Gloom,Gloom,Absorb,Growth,Sweet Scent,Acid,,,,,
45,Vileplume,Vileplume,Mega Drain,Aromatherapy,Poison Powder,Stun Spore,,,,,
46,Paras,Paras,Scratch,,,,,,,,
47,Parasect,Parasect,Cross Poison,Scratch,Stun Spore,Poison Powder,Absorb,,,,
48,Venonat,Venonat,Tackle,Disable,Foresight,,,,,,
49,Venomoth,Venomoth,Gust,Quiver Dance,Bug Buzz,Silver Wind,Tackle,Disable,Foresight,Supersonic,
50,Diglett,Diglett,Sand Attack,Scratch,,,,,,,
50,Diglett,Diglett (Alola Form),Sand Attack,Metal Claw,,,,,,,
51,Dugtrio,Dugtrio,Sand Tomb,Rototiller,Night Slash,Tri Attack,Scratch,Sand Attack,Growl,,
51,Dugtrio,Dugtrio (Alola Form),Sand Tomb,Rototiller,Night Slash,Tri Attack,Sand Attack,Metal Claw,Growl,,
52,Meowth,Meowth,Scratch,Growl,,,,,,,
52,Meowth,Meowth (Alola Form),Scratch,Growl,,,,,,,
53,Persian,Persian,Swift,Play Rough,Switcheroo,Scratch,Growl,Bite,Fake Out,,
53,Persian,Persian (Alola Form),Swift,Quash,Play Rough,Switcheroo,Scratch,Growl,Bite,Fake Out,
54,Psyduck,Psyduck,Water Sport,Scratch,,,,,,,
55,Golduck,Golduck,Me First,Aqua Jet,Water Sport,Scratch,Tail Whip,Water Gun,,,
56,Mankey,Mankey,Covet,Scratch,Low Kick,Leer,Focus Energy,,,,
57,Primeape,Primeape,Rage,Final Gambit,Fling,Scratch,Low Kick,Leer,Focus Energy,,
58,Growlithe,Growlithe,Bite,Roar,,,,,,,
59,Arcanine,Arcanine,Thunder Fang,Bite,Roar,Odor Sleuth,Fire Fang,,,,
60,Poliwag,Poliwag,Water Sport,,,,,,,,
61,Poliwhirl,Poliwhirl,Water Sport,Water Gun,Hypnosis,,,,,,
62,Poliwrath,Poliwrath,Submission,Circle Throw,Bubble Beam,Hypnosis,Double Slap,,,,
63,Abra,Abra,Teleport,,,,,,,,
64,Kadabra,Kadabra,Kinesis,Teleport,Confusion,,,,,,
65,Alakazam,Alakazam,Kinesis,Teleport,Confusion,,,,,,
65,Alakazam,Alakazam (Mega Alakazam),Kinesis,Teleport,Confusion,,,,,,
66,Machop,Machop,Low Kick,Leer,,,,,,,
67,Machoke,Machoke,Low Kick,Leer,Focus Energy,Karate Chop,,,,,
68,Machamp,Machamp,Strength,Wide Guard,Low Kick,Leer,Focus Energy,Karate Chop,,,
69,Bellsprout,Bellsprout,Vine Whip,,,,,,,,
70,Weepinbell,Weepinbell,Vine Whip,Growth,Wrap,,,,,,
71,Victreebel,Victreebel,Leaf Tornado,Stockpile,Swallow,Spit Up,Vine Whip,Sleep Powder,Sweet Scent,Razor Leaf,
72,Tentacool,Tentacool,Poison Sting,,,,,,,,
73,Tentacruel,Tentacruel,Reflect Type,Wring Out,Poison Sting,Supersonic,Constrict,Acid,,,
74,Geodude,Geodude,Tackle,Defense Curl,,,,,,,
74,Geodude,Geodude (Alola Form),Tackle,Defense Curl,,,,,,,
75,Graveler,Graveler,Tackle,Defense Curl,Mud Sport,Rock Polish,,,,,
75,Graveler,Graveler (Alola Form),Tackle,Defense Curl,Charge,Rock Polish,,,,,
76,Golem,Golem,Heavy Slam,Tackle,Defense Curl,Mud Sport,Rock Polish,,,,
76,Golem,Golem (Alola Form),Heavy Slam,Tackle,Defense Curl,Charge,Rock Polish,,,,
77,Ponyta,Ponyta,Growl,Tackle,,,,,,,
78,Rapidash,Rapidash,Fury Attack,Poison Jab,Megahorn,Growl,Quick Attack,Tail Whip,Ember,,
79,Slowpoke,Slowpoke,Curse,Yawn,Tackle,,,,,,
80,Slowbro,Slowbro,Withdraw,Heal Pulse,Curse,Yawn,Tackle,Growl,,,
80,Slowbro,Slowbro (Mega Slowbro),Withdraw,Heal Pulse,Curse,Yawn,Tackle,Growl,,,
81,Magnemite,Magnemite,Tackle,Supersonic,,,,,,,
82,Magneton,Magneton,Tri Attack,Zap Cannon,Electric Terrain,Tackle,Supersonic,Thunder Shock,Magnet Bomb,,
83,Farfetch’d,Farfetch’d,Brave Bird,Poison Jab,Peck,Sand Attack,Leer,Fury Cutter,,,
84,Doduo,Doduo,Peck,Growl,,,,,,,
85,Dodrio,Dodrio,Tri Attack,Peck,Growl,Quick Attack,Rage,,,,
86,Seel,Seel,Headbutt,,,,,,,,
87,Dewgong,Dewgong,Sheer Cold,Headbutt,Growl,Signal Beam,Icy Wind,,,,
88,Grimer,Grimer,Pound,Poison Gas,,,,,,,
88,Grimer,Grimer (Alola Form),Pound,Poison Gas,,,,,,,
89,Muk,Muk,Venom Drench,Pound,Poison Gas,Harden,Mud-Slap,,,,
89,Muk,Muk (Alola Form),Venom Drench,Pound,Poison Gas,Harden,Bite,,,,
90,Shellder,Shellder,Tackle,Water Gun,,,,,,,
91,Cloyster,Cloyster,Hydro Pump,Shell Smash,Toxic Spikes,Withdraw,Supersonic,Protect,Aurora Beam,,
92,Gastly,Gastly,Hypnosis,Lick,,,,,,,
93,Haunter,Haunter,Shadow Punch,Hypnosis,Lick,Spite,,,,,
94,Gengar,Gengar,Shadow Punch,Hypnosis,Lick,Spite,,,,,
94,Gengar,Gengar (Mega Gengar),Shadow Punch,Hypnosis,Lick,Spite,,,,,
95,Onix,Onix,Mud Sport,Tackle,Harden,Bind,,,,,
96,Drowzee,Drowzee,Pound,Hypnosis,,,,,,,
97,Hypno,Hypno,Future Sight,Nasty Plot,Nightmare,Switcheroo,Pound,Hypnosis,Disable,Confusion,
98,Krabby,Krabby,Mud Sport,Bubble,,,,,,,
99,Kingler,Kingler,Wide Guard,Mud Sport,Bubble,Vice Grip,Leer,,,,
100,Voltorb,Voltorb,Charge,Tackle,,,,,,,
101,Electrode,Electrode,Magnetic Flux,Charge,Tackle,Sonic Boom,Eerie Impulse,,,,
102,Exeggcute,Exeggcute,Barrage,Uproar,Hypnosis,,,,,,
103,Exeggutor,Exeggutor,Stomp,Seed Bomb,Barrage,Hypnosis,Confusion,,,,
103,Exeggutor,Exeggutor (Alola Form),Dragon Hammer,Seed Bomb,Barrage,Hypnosis,Confusion,,,,
104,Cubone,Cubone,Growl,,,,,,,,
105,Marowak,Marowak,Growl,Tail Whip,Bone Club,Headbutt,,,,,
105,Marowak,Marowak (Alola Form),Growl,Tail Whip,Bone Club,Flame Wheel,,,,,
106,Hitmonlee,Hitmonlee,Double Kick,Reversal,Close Combat,Mega Kick,Revenge,Meditate,Rolling Kick,Jump Kick,
107,Hitmonchan,Hitmonchan,Comet Punch,Close Combat,Counter,Focus Punch,Revenge,Agility,Pursuit,Mach Punch,
108,Lickitung,Lickitung,Lick,,,,,,,,
109,Koffing,Koffing,Poison Gas,Tackle,,,,,,,
110,Weezing,Weezing,Double Hit,Poison Gas,Tackle,Smog,Smokescreen,,,,
111,Rhyhorn,Rhyhorn,Horn Attack,Tail Whip,,,,,,,
112,Rhydon,Rhydon,Hammer Arm,Horn Drill,Horn Attack,Tail Whip,Fury Attack,Scary Face,,,
113,Chansey,Chansey,Double-Edge,Defense Curl,Pound,Growl,,,,,
114,Tangela,Tangela,Ingrain,Constrict,,,,,,,
115,Kangaskhan,Kangaskhan,Comet Punch,Leer,,,,,,,
115,Kangaskhan,Kangaskhan (Mega Kangaskhan),Comet Punch,Leer,,,,,,,
116,Horsea,Horsea,Bubble,,,,,,,,
117,Seadra,Seadra,Hydro Pump,Bubble,Smokescreen,Leer,Water Gun,,,,
118,Goldeen,Goldeen,Peck,Tail Whip,Water Sport,,,,,,
119,Seaking,Seaking,Megahorn,Poison Jab,Peck,Tail Whip,Water Sport,Supersonic,,,
120,Staryu,Staryu,Tackle,Harden,,,,,,,
121,Starmie,Starmie,Hydro Pump,Spotlight,Water Gun,Rapid Spin,Recover,Swift,,,
122,Mr. Mime,Mr. Mime,Misty Terrain,Magical Leaf,Quick Guard,Wide Guard,Power Swap,Guard Swap,Barrier,Confusion,
123,Scyther,Scyther,Vacuum Wave,Quick Attack,Leer,,,,,,
124,Jynx,Jynx,Draining Kiss,Perish Song,Pound,Lick,Lovely Kiss,Powder Snow,,,
125,Electabuzz,Electabuzz,Quick Attack,Leer,Thunder Shock,,,,,,
126,Magmar,Magmar,Smog,Leer,Ember,,,,,,
127,Pinsir,Pinsir,Vice Grip,Focus Energy,,,,,,,
127,Pinsir,Pinsir (Mega Pinsir),Vice Grip,Focus Energy,,,,,,,
128,Tauros,Tauros,Tackle,,,,,,,,
129,Magikarp,Magikarp,Splash,Bounce,,,,,,,
130,Gyarados,Gyarados,Bite,Thrash,,,,,,,
130,Gyarados,Gyarados (Mega Gyarados),Bite,Thrash,,,,,,,
131,Lapras,Lapras,Sing,Growl,Water Gun,,,,,,
132,Ditto,Ditto,Transform,,,,,,,,
133,Eevee,Eevee,Covet,Helping Hand,Growl,Tackle,Tail Whip,,,,
134,Vaporeon,Vaporeon,Water Gun,Helping Hand,Tackle,Tail Whip,,,,,
135,Jolteon,Jolteon,Thunder Shock,Helping Hand,Tackle,Tail Whip,,,,,
136,Flareon,Flareon,Ember,Helping Hand,Tackle,Tail Whip,,,,,
137,Porygon,Porygon,Conversion 2,Tackle,Conversion,Sharpen,,,,,
138,Omanyte,Omanyte,Constrict,Withdraw,,,,,,,
139,Omastar,Omastar,Spike Cannon,Hydro Pump,Constrict,Withdraw,Bite,,,,
140,Kabuto,Kabuto,Scratch,Harden,,,,,,,
141,Kabutops,Kabutops,Slash,Night Slash,Feint,Scratch,Harden,Absorb,Leer,,
142,Aerodactyl,Aerodactyl,Iron Head,Ice Fang,Fire Fang,Thunder Fang,Wing Attack,Supersonic,Bite,Scary Face,
142,Aerodactyl,Aerodactyl (Mega Aerodactyl),Iron Head,Ice Fang,Fire Fang,Thunder Fang,Wing Attack,Supersonic,Bite,Scary Face,
143,Snorlax,Snorlax,Tackle,,,,,,,,
144,Articuno,Articuno,Gust,Powder Snow,,,,,,,
145,Zapdos,Zapdos,Peck,Thunder Shock,,,,,,,
146,Moltres,Moltres,Wing Attack,Ember,,,,,,,
147,Dratini,Dratini,Wrap,Leer,,,,,,,
148,Dragonair,Dragonair,Wrap,Leer,Thunder Wave,Twister,,,,,
149,Dragonite,Dragonite,Wing Attack,Hurricane,Fire Punch,Thunder Punch,Roost,Wrap,Leer,Thunder Wave,Twister
150,Mewtwo,Mewtwo,Laser Focus,Psywave,Confusion,Disable,Safeguard,,,,
150,Mewtwo,Mewtwo (Mega Mewtwo X),Laser Focus,Psywave,Confusion,Disable,Safeguard,,,,
150,Mewtwo,Mewtwo (Mega Mewtwo Y),Laser Focus,Psywave,Confusion,Disable,Safeguard,,,,
151,Mew,Mew,Pound,Reflect Type,Transform,,,,,,
152,Chikorita,Chikorita,Tackle,Growl,,,,,,,
153,Bayleef,Bayleef,Tackle,Growl,Razor Leaf,Poison Powder,,,,,
154,Meganium,Meganium,Petal Dance,Petal Blizzard,Tackle,Growl,Razor Leaf,Poison Powder,,,
155,Cyndaquil,Cyndaquil,Tackle,Leer,,,,,,,
156,Quilava,Quilava,Tackle,Leer,Smokescreen,,,,,,
157,Typhlosion,Typhlosion,Eruption,Double-Edge,Gyro Ball,Tackle,Leer,Smokescreen,Ember,,
158,Totodile,Totodile,Scratch,Leer,,,,,,,
159,Croconaw,Croconaw,Scratch,Leer,Water Gun,,,,,,
160,Feraligatr,Feraligatr,Agility,Scratch,Leer,Water Gun,Rage,,,,
161,Sentret,Sentret,Scratch,Foresight,,,,,,,
162,Furret,Furret,Agility,Coil,Scratch,Foresight,Defense Curl,Quick Attack,,,
163,Hoothoot,Hoothoot,Tackle,Growl,Foresight,,,,,,
164,Noctowl,Noctowl,Dream Eater,Sky Attack,Tackle,Growl,Foresight,Hypnosis,,,
165,Ledyba,Ledyba,Tackle,,,,,,,,
166,Ledian,Ledian,Tackle,Supersonic,Swift,,,,,,
167,Spinarak,Spinarak,Poison Sting,String Shot,Constrict,,,,,,
168,Ariados,Ariados,Swords Dance,Focus Energy,Venom Drench,Fell Stinger,Bug Bite,Poison Sting,String Shot,Constrict,Absorb
169,Crobat,Crobat,Cross Poison,Screech,Absorb,Supersonic,Astonish,Bite,,,
170,Chinchou,Chinchou,Bubble,Supersonic,,,,,,,
171,Lanturn,Lanturn,Stockpile,Swallow,Spit Up,Stockpile,Swallow,Spit Up,Eerie Impulse,Bubble,Supersonic
172,Pichu,Pichu,Thunder Shock,Charm,,,,,,,
173,Cleffa,Cleffa,Pound,Charm,,,,,,,
174,Igglybuff,Igglybuff,Sing,Charm,,,,,,,
175,Togepi,Togepi,Growl,Charm,,,,,,,
176,Togetic,Togetic,Magical Leaf,Growl,Charm,Metronome,Sweet Kiss,,,,
177,Natu,Natu,Peck,Leer,,,,,,,
178,Xatu,Xatu,Air Slash,Tailwind,Peck,Leer,Night Shade,Teleport,,,
179,Mareep,Mareep,Tackle,Growl,,,,,,,
180,Flaaffy,Flaaffy,Tackle,Growl,Thunder Wave,Thunder Shock,,,,,
181,Ampharos,Ampharos,Thunder Punch,Zap Cannon,Magnetic Flux,Ion Deluge,Dragon Pulse,Fire Punch,Tackle,Growl,Thunder Wave
181,Ampharos,Ampharos (Mega Ampharos),Thunder Punch,Zap Cannon,Magnetic Flux,Ion Deluge,Dragon Pulse,Fire Punch,Tackle,Growl,Thunder Wave
182,Bellossom,Bellossom,Magical Leaf,Leaf Storm,Leaf Blade,Mega Drain,Sweet Scent,Stun Spore,Sunny Day,,
183,Marill,Marill,Tackle,Water Gun,,,,,,,
184,Azumarill,Azumarill,Tackle,Water Gun,Tail Whip,Water Sport,,,,,
185,Sudowoodo,Sudowoodo,Slam,Wood Hammer,Copycat,Flail,Low Kick,Rock Throw,,,
186,Politoed,Politoed,Bubble Beam,Hypnosis,Double Slap,Perish Song,,,,,
187,Hoppip,Hoppip,Splash,,,,,,,,
188,Skiploom,Skiploom,Splash,Synthesis,Tail Whip,Tackle,,,,,
189,Jumpluff,Jumpluff,Splash,Synthesis,Tail Whip,Tackle,,,,,
190,Aipom,Aipom,Scratch,Tail Whip,,,,,,,
191,Sunkern,Sunkern,Absorb,Growth,,,,,,,
192,Sunflora,Sunflora,Flower Shield,Absorb,Pound,Growth,,,,,
193,Yanma,Yanma,Tackle,Foresight,,,,,,,
194,Wooper,Wooper,Water Gun,Tail Whip,,,,,,,
195,Quagsire,Quagsire,Water Gun,Tail Whip,Mud Sport,,,,,,
196,Espeon,Espeon,Confusion,Helping Hand,Tackle,Tail Whip,,,,,
197,Umbreon,Umbreon,Pursuit,Helping Hand,Tackle,Tail Whip,,,,,
198,Murkrow,Murkrow,Peck,Astonish,,,,,,,
199,Slowking,Slowking,Heal Pulse,Power Gem,Hidden Power,Curse,Yawn,Tackle,,,
200,Misdreavus,Misdreavus,Growl,Psywave,,,,,,,
201,Unown,Unown,Hidden Power,,,,,,,,
202,Wobbuffet,Wobbuffet,Counter,Mirror Coat,Safe Guard,Destiny Bond,Prev - Splash,Prev - Charm,Prev - Encore,,
203,Girafarig,Girafarig,Power Swap,Guard Swap,Astonish,Tackle,Growl,Confusion,,,
204,Pineco,Pineco,Tackle,Protect,,,,,,,
205,Forretress,Forretress,Mirror Shot,Autotomize,Mirror Shot,Autotomize,Heavy Slam,Zap Cannon,Magnet Rise,Toxic Spikes,Tackle
206,Dunsparce,Dunsparce,Rage,Defense Curl,,,,,,,
207,Gligar,Gligar,Poison Sting,,,,,,,,
208,Steelix,Steelix,Thunder Fang,Ice Fang,Fire Fang,Mud Sport,Tackle,Harden,Bind,,
208,Steelix,Steelix (Mega Steelix),Thunder Fang,Ice Fang,Fire Fang,Mud Sport,Tackle,Harden,Bind,,
209,Snubbull,Snubbull,Ice Fang,Fire Fang,Thunder Fang,Tackle,Scary Face,Tail Whip,Charm,,
210,Granbull,Granbull,Outrage,Ice Fang,Fire Fang,Thunder Fang,Tackle,Scary Face,Tail Whip,Charm,
211,Qwilfish,Qwilfish,Fell Stinger,Hydro Pump,Destiny Bond,Water Gun,Spikes,Tackle,Poison Sting,,
212,Scizor,Scizor,Feint,Bullet Punch,Quick Attack,Leer,,,,,
212,Scizor,Scizor (Mega Scizor),Feint,Bullet Punch,Quick Attack,Leer,,,,,
213,Shuckle,Shuckle,Sticky Web,Withdraw,Constrict,Bide,Rollout,,,,
214,Heracross,Heracross,Arm Thrust,Bullet Seed,Night Slash,Tackle,Leer,Horn Attack,Endure,,
214,Heracross,Heracross (Mega Heracross),Arm Thrust,Bullet Seed,Night Slash,Tackle,Leer,Horn Attack,Endure,,
215,Sneasel,Sneasel,Scratch,Leer,Taunt,,,,,,
216,Teddiursa,Teddiursa,Fling,Covet,Scratch,Baby-Doll Eyes,Lick,Fake Tears,,,
217,Ursaring,Ursaring,Hammer Arm,Covet,Scratch,Leer,Lick,Fake Tears,,,
218,Slugma,Slugma,Yawn,Smog,,,,,,,
219,Magcargo,Magcargo,Shell Smash,Earth Power,Yawn,Smog,Ember,Rock Throw,,,
220,Swinub,Swinub,Tackle,Odor Sleuth,,,,,,,
221,Piloswine,Piloswine,Fury Attack,Ancient Power,Peck,Odor Sleuth,Mud Sport,Powder Snow,,,
222,Corsola,Corsola,Tackle,Harden,,,,,,,
223,Remoraid,Remoraid,Water Gun,,,,,,,,
224,Octillery,Octillery,Octazooka,Gunk Shot,Rock Blast,Water Gun,Constrict,Psybeam,Aurora Beam,,
225,Delibird,Delibird,Present,,,,,,,,
226,Mantine,Mantine,Psybeam,Bullet Seed,Signal Beam,Roost,Tackle,Bubble,Supersonic,Bubble Beam,
227,Skarmory,Skarmory,Leer,Peck,,,,,,,
228,Houndour,Houndour,Leer,Ember,,,,,,,
229,Houndoom,Houndoom,Inferno,Nasty Plot,Thunder Fang,Leer,Ember,Howl,Smog,,
229,Houndoom,Houndoom (Mega Houndoom),Inferno,Nasty Plot,Thunder Fang,Leer,Ember,Howl,Smog,,
230,Kingdra,Kingdra,Hydro Pump,Yawn,Bubble,Smokescreen,Leer,Water Gun,,,
231,Phanpy,Phanpy,Odor Sleuth,Tackle,Growl,Defense Curl,,,,,
232,Donphan,Donphan,Fury Attack,Fire Fang,Thunder Fang,Horn Attack,Bulldoze,Growl,Defense Curl,,
233,Porygon2,Porygon2,Zap Cannon,Magic Coat,Conversion 2,Tackle,Conversion,Defense Curl,,,
234,Stantler,Stantler,Me First,Tackle,,,,,,,
235,Smeargle,Smeargle,Sketch,,,,,,,,
236,Tyrogue,Tyrogue,Tackle,Helping Hand,Fake Out,Foresight,,,,,
237,Hitmontop,Hitmontop,Rolling Kick,Endeavor,Close Combat,Detect,Revenge,Focus Energy,Pursuit,Quick Attack,
238,Smoochum,Smoochum,Pound,,,,,,,,
239,Elekid,Elekid,Quick Attack,Leer,,,,,,,
240,Magby,Magby,Smog,Leer,,,,,,,
241,Miltank,Miltank,Tackle,,,,,,,,
242,Blissey,Blissey,Double-Edge,Defense Curl,Pound,Growl,,,,,
243,Raikou,Raikou,Extrasensory,Discharge,Bite,Leer,,,,,
244,Entei,Entei,Sacred Fire,Eruption,Extrasensory,Lava Plume,Bite,Leer,,,
245,Suicune,Suicune,Sheer Cold,Bite,Leer,Bubble Beam,Rain Dance,,,,
246,Larvitar,Larvitar,Bite,Leer,,,,,,,
247,Pupitar,Pupitar,Bite,Leer,Sandstorm,Screech,,,,,
248,Tyranitar,Tyranitar,Thunder Fang,Ice Fang,Fire Fang,Bite,Leer,Sandstorm,Screech,,
248,Tyranitar,Tyranitar (Mega Tyranitar),Thunder Fang,Ice Fang,Fire Fang,Bite,Leer,Sandstorm,Screech,,
249,Lugia,Lugia,Whirlwind,Weather Ball,,,,,,,
250,Ho-Oh,Ho-Oh,Whirlwind,Weather Ball,,,,,,,
251,Celebi,Celebi,Leech Seed,Confusion,Recover,Heal Bell,,,,,
252,Treecko,Treecko,Pound,Leer,,,,,,,
253,Grovyle,Grovyle,Fury Cutter,Pound,Leer,Absorb,Quick Attack,,,,
254,Sceptile,Sceptile,Dual Chop,Fury Cutter,Leaf Storm,Night Slash,Pound,Leer,Absorb,Quick Attack,
254,Sceptile,Sceptile (Mega Sceptile),Dual Chop,Fury Cutter,Leaf Storm,Night Slash,Pound,Leer,Absorb,Quick Attack,
255,Torchic,Torchic,Scratch,Growl,,,,,,,
256,Combusken,Combusken,Double Kick,Scratch,Growl,Ember,Sand Attack,,,,
257,Blaziken,Blaziken,Blaze Kick,Double Kick,Flare Blitz,Fire Punch,High Jump Kick,Scratch,Growl,Ember,Sand Attack
257,Blaziken,Blaziken (Mega Blaziken),Blaze Kick,Double Kick,Flare Blitz,Fire Punch,High Jump Kick,Scratch,Growl,Ember,Sand Attack
258,Mudkip,Mudkip,Tackle,Growl,,,,,,,
259,Marshtomp,Marshtomp,Mud Shot,Tackle,Growl,Water Gun,Mud-Slap,,,,
260,Swampert,Swampert,Mud Shot,Hammer Arm,Tackle,Growl,Water Gun,Mud-Slap,,,
260,Swampert,Swampert (Mega Swampert),Mud Shot,Hammer Arm,Tackle,Growl,Water Gun,Mud-Slap,,,
261,Poochyena,Poochyena,Tackle,,,,,,,,
262,Mightyena,Mightyena,Snarl,Fire Fang,Thunder Fang,Ice Fang,Crunch,Thief,Tackle,Howl,Sand Attack
263,Zigzagoon,Zigzagoon,Tackle,Growl,,,,,,,
264,Linoone,Linoone,Play Rough,Rototiller,Switcheroo,Tackle,Growl,Tail Whip,Sand Attack,,
265,Wurmple,Wurmple,Tackle,String Shot,,,,,,,
266,Silcoon,Silcoon,Harden,Bug Bite,Iron Defense,Electroweb,Prev - Tackle,Prev - String Shot,Prev - Poison Sting,Prev - Bug Bite,
267,Beautifly,Beautifly,Gust,,,,,,,,
268,Cascoon,Cascoon,Harden,Bug Bite,Iron Defense,Electroweb,,,,,
269,Dustox,Dustox,Gust,,,,,,,,
270,Lotad,Lotad,Astonish,,,,,,,,
271,Lombre,Lombre,Astonish,,,,,,,,
272,Ludicolo,Ludicolo,Astonish,Growl,Mega Drain,Nature Power,,,,,
273,Seedot,Seedot,Bide,,,,,,,,
274,Nuzleaf,Nuzleaf,Razor Leaf,Pound,,,,,,,
275,Shiftry,Shiftry,Razor Leaf,Feint Attack,Whirlwind,Nasty Plot,,,,,
276,Taillow,Taillow,Peck,Growl,,,,,,,
277,Swellow,Swellow,Brave Bird,Air Slash,Pluck,Peck,Growl,Focus Energy,Quick Attack,,
278,Wingull,Wingull,Growl,Water Gun,,,,,,,
279,Pelipper,Pelipper,Protect,Hurricane,Hydro Pump,Tailwind,Soak,Growl,Water Gun,Water Sport,Wing Attack
280,Ralts,Ralts,Growl,,,,,,,,
281,Kirlia,Kirlia,Growl,Confusion,Double Team,Teleport,,,,,
282,Gardevoir,Gardevoir,Moonblast,Stored Power,Misty Terrain,Healing Wish,Growl,Confusion,Double Team,Teleport,
282,Gardevoir,Gardevoir (Mega Gardevoir),Moonblast,Stored Power,Misty Terrain,Healing Wish,Growl,Confusion,Double Team,Teleport,
283,Surskit,Surskit,Bubble,,,,,,,,
284,Masquerain,Masquerain,Quiver Dance,Whirlwind,Bug Buzz,Ominous Wind,Bubble,Quick Attack,Sweet Scent,Water Sport,
285,Shroomish,Shroomish,Absorb,Tackle,,,,,,,
286,Breloom,Breloom,Mach Punch,Absorb,Tackle,Stun Spore,Leech Seed,,,,
287,Slakoth,Slakoth,Scratch,Yawn,,,,,,,
288,Vigoroth,Vigoroth,Reversal,Scratch,Focus Energy,Encore,Uproar,,,,
289,Slaking,Slaking,Swagger,Hammer Arm,Punishment,Fling,Scratch,Yawn,Encore,Slack Off,
290,Nincada,Nincada,Scratch,Harden,,,,,,,
291,Ninjask,Ninjask,Double Team,Screech,Fury Cutter,Double Team,Screech,Fury Cutter,Bug Bite,Scratch,Harden
292,Shedinja,Shedinja,Scratch,Harden,Absorb,Sand Attack,,,,,
293,Whismur,Whismur,Pound,,,,,,,,
294,Loudred,Loudred,Bite,Pound,Echoed Voice,Astonish,Howl,,,,
295,Exploud,Exploud,Crunch,Bite,Boomburst,Ice Fang,Fire Fang,Thunder Fang,Pound,Echoed Voice,Astonish
296,Makuhita,Makuhita,Tackle,Focus Energy,,,,,,,
297,Hariyama,Hariyama,Brine,Tackle,Focus Energy,Sand Attack,Arm Thrust,,,,
298,Azurill,Azurill,Splash,Water Gun,,,,,,,
299,Nosepass,Nosepass,Tackle,,,,,,,,
300,Skitty,Skitty,Fake Out,Growl,Tail Whip,Tackle,,,,,
301,Delcatty,Delcatty,Fake Out,Sing,Attract,Double Slap,,,,,
302,Sableye,Sableye,Leer,Scratch,,,,,,,
302,Sableye,Sableye (Mega Sableye),Leer,Scratch,,,,,,,
303,Mawile,Mawile,Play Rough,Iron Head,Taunt,Growl,Fairy Wind,Astonish,,,
303,Mawile,Mawile (Mega Mawile),Play Rough,Iron Head,Taunt,Growl,Fairy Wind,Astonish,,,
304,Aron,Aron,Tackle,Harden,,,,,,,
305,Lairon,Lairon,Tackle,Harden,Mud-Slap,Headbutt,,,,,
306,Aggron,Aggron,Tackle,Harden,Mud-Slap,Headbutt,,,,,
306,Aggron,Aggron (Mega Aggron),Tackle,Harden,Mud-Slap,Headbutt,,,,,
307,Meditite,Meditite,Bide,,,,,,,,
308,Medicham,Medicham,Zen Headbutt,Fire Punch,Thunder Punch,Ice Punch,Bide,Meditate,Confusion,Detect,
308,Medicham,Medicham (Mega Medicham),Zen Headbutt,Fire Punch,Thunder Punch,Ice Punch,Bide,Meditate,Confusion,Detect,
309,Electrike,Electrike,Tackle,Thunder Wave,,,,,,,
310,Manectric,Manectric,Electric Terrain,Fire Fang,Tackle,Thunder Wave,Leer,Howl,,,
310,Manectric,Manectric (Mega Manectric),Electric Terrain,Fire Fang,Tackle,Thunder Wave,Leer,Howl,,,
311,Plusle,Plusle,Nuzzle,Play Nice,Growl,Thunder Wave,Quick Attack,,,,
312,Minun,Minun,Nuzzle,Play Nice,Growl,Thunder Wave,Quick Attack,,,,
313,Volbeat,Volbeat,Flash,Tackle,,,,,,,
314,Illumise,Illumise,Play Nice,Tackle,,,,,,,
315,Roselia,Roselia,Absorb,,,,,,,,
316,Gulpin,Gulpin,Pound,,,,,,,,
317,Swalot,Swalot,Body Slam,Venom Drench,Gunk Shot,Wring Out,Pound,Yawn,Poison Gas,Sludge,
318,Carvanha,Carvanha,Leer,Bite,,,,,,,
319,Sharpedo,Sharpedo,Slash,Night Slash,Feint,Leer,Bite,Rage,Focus Energy,,
319,Sharpedo,Sharpedo (Mega Sharpedo),Slash,Night Slash,Feint,Leer,Bite,Rage,Focus Energy,,
320,Wailmer,Wailmer,Splash,,,,,,,,
321,Wailord,Wailord,Soak,Noble Roar,Heavy Slam,Splash,Growl,Water Gun,Rollout,,
322,Numel,Numel,Growl,Tackle,,,,,,,
323,Camerupt,Camerupt,Rock Slide,Fissure,Eruption,Growl,Tackle,Ember,Focus Energy,,
323,Camerupt,Camerupt (Mega Camerupt),Rock Slide,Fissure,Eruption,Growl,Tackle,Ember,Focus Energy,,
324,Torkoal,Torkoal,Ember,,,,,,,,
325,Spoink,Spoink,Splash,,,,,,,,
326,Grumpig,Grumpig,Teeter Dance,Belch,Splash,Psywave,Odor Sleuth,Psybeam,,,
327,Spinda,Spinda,Tackle,,,,,,,,
328,Trapinch,Trapinch,Sand Attack,Bite,Feint Attack,Bide,,,,,
329,Vibrava,Vibrava,Dragon Breath,Sand Attack,Sonic Boom,Feint Attack,Bide,,,,
330,Flygon,Flygon,Dragon Claw,Dragon Breath,Dragon Dance,Sand Attack,Sonic Boom,Feint Attack,Bide,,
331,Cacnea,Cacnea,Poison Sting,Leer,,,,,,,
332,Cacturne,Cacturne,Spiky Shield,Destiny Bond,Revenge,Poison Sting,Leer,Absorb,Growth,,
333,Swablu,Swablu,Peck,Growl,,,,,,,
334,Altaria,Altaria,Dragon Breath,Sky Attack,Pluck,Peck,Growl,Astonish,Sing,,
334,Altaria,Altaria (Mega Altaria),Dragon Breath,Sky Attack,Pluck,Peck,Growl,Astonish,Sing,,
335,Zangoose,Zangoose,Scratch,Leer,,,,,,,
336,Seviper,Seviper,Wrap,Swagger,,,,,,,
337,Lunatone,Lunatone,Power Gem,Psyshock,Moonblast,Tackle,Harden,Confusion,Rock Throw,,
338,Solrock,Solrock,Flare Blitz,Tackle,Harden,Confusion,Rock Throw,,,,
339,Barboach,Barboach,Mud-Slap,,,,,,,,
340,Whiscash,Whiscash,Thrash,Belch,Zen Headbutt,Tickle,Mud-Slap,Mud Sport,Water Sport,Water Gun,
341,Corphish,Corphish,Bubble,,,,,,,,
342,Crawdaunt,Crawdaunt,Swift,Bubble,Harden,Vice Grip,Leer,,,,
343,Baltoy,Baltoy,Harden,Confusion,,,,,,,
344,Claydol,Claydol,Hyper Beam,Teleport,Harden,Confusion,Rapid Spin,,,,
345,Lileep,Lileep,Astonish,Constrict,,,,,,,
346,Cradily,Cradily,Wring Out,Astonish,Constrict,Acid,Ingrain,,,,
347,Anorith,Anorith,Scratch,Harden,,,,,,,
348,Armaldo,Armaldo,Scratch,Harden,Mud Sport,Water Gun,,,,,
349,Feebas,Feebas,Splash,,,,,,,,
350,Milotic,Milotic,Water Pulse,Wrap,Water Gun,Water Sport,Refresh,,,,
351,Castform,Castform,Tackle,,,,,,,,
351,Castform,Castform (Sunny Form),Tackle,,,,,,,,
351,Castform,Castform (Rainy Form),Tackle,,,,,,,,
351,Castform,Castform (Snowy Form),Tackle,,,,,,,,
352,Kecleon,Kecleon,Thief,Tail Whip,Astonish,Lick,Scratch,,,,
353,Shuppet,Shuppet,Knock Off,,,,,,,,
354,Banette,Banette,Phantom Force,Knock Off,Screech,Night Shade,Spite,,,,
354,Banette,Banette (Mega Banette),Phantom Force,Knock Off,Screech,Night Shade,Spite,,,,
355,Duskull,Duskull,Leer,Night Shade,,,,,,,
356,Dusclops,Dusclops,Shadow Punch,Future Sight,Fire Punch,Ice Punch,Thunder Punch,Gravity,Bind,Leer,Night Shade
357,Tropius,Tropius,Leaf Storm,Leer,Gust,Growth,Razor Leaf,,,,
358,Chimecho,Chimecho,Healing Wish,Synchronoise,Wrap,Growl,Astonish,Confusion,,,
359,Absol,Absol,Perish Song,Future Sight,Scratch,Feint,Leer,Quick Attack,,,
359,Absol,Absol (Mega Absol),Perish Song,Future Sight,Scratch,Feint,Leer,Quick Attack,,,
360,Wynaut,Wynaut,Splash,Charm,Encore,,,,,,
361,Snorunt,Snorunt,Powder Snow,Leer,,,,,,,
362,Glalie,Glalie,Freeze-Dry,Sheer Cold,Powder Snow,Leer,Double Team,Ice Shard,,,
362,Glalie,Glalie (Mega Glalie),Freeze-Dry,Sheer Cold,Powder Snow,Leer,Double Team,Ice Shard,,,
363,Spheal,Spheal,Defense Curl,Powder Snow,Growl,Water Gun,,,,,
364,Sealeo,Sealeo,Swagger,Defense Curl,Powder Snow,Growl,Water Gun,,,,
365,Walrein,Walrein,Ice Fang,Swagger,Crunch,Defense Curl,Powder Snow,Growl,Water Gun,,
366,Clamperl,Clamperl,Clamp,Water Gun,Whirlpool,Iron Defense,,,,,
367,Huntail,Huntail,Whirlpool,Bite,,,,,,,
368,Gorebyss,Gorebyss,Whirlpool,Confusion,,,,,,,
369,Relicanth,Relicanth,Flail,Head Smash,Tackle,Harden,Mud Sport,Water Gun,,,
370,Luvdisc,Luvdisc,Tackle,Charm,,,,,,,
371,Bagon,Bagon,Rage,,,,,,,,
372,Shelgon,Shelgon,Protect,Rage,Ember,Leer,Bite,,,,
373,Salamence,Salamence,Fly,Protect,Dragon Tail,Fire Fang,Thunder Fang,Rage,Ember,Leer,Bite
373,Salamence,Salamence (Mega Salamence),Fly,Protect,Dragon Tail,Fire Fang,Thunder Fang,Rage,Ember,Leer,Bite
374,Beldum,Beldum,Take Down,Iron Head,Iron Defense,Zen Headbutt,,,,,
375,Metang,Metang,Confusion,Metal Claw,Confusion,Metal Claw,Magnet Rise,Take Down,,,
376,Metagross,Metagross,Hammer Arm,Confusion,Metal Claw,Magnet Rise,Take Down,,,,
376,Metagross,Metagross (Mega Metagross),Hammer Arm,Confusion,Metal Claw,Magnet Rise,Take Down,,,,
377,Regirock,Regirock,Explosion,Stomp,Rock Throw,Charge Beam,Bulldoze,,,,
378,Regice,Regice,Explosion,Stomp,Icy Wind,Charge Beam,Bulldoze,,,,
379,Registeel,Registeel,Explosion,Stomp,Metal Claw,Charge Beam,Bulldoze,,,,
380,Latias,Latias,Healing Wish,Helping Hand,Wish,Psywave,Safeguard,,,,
380,Latias,Latias (Mega Latias),Healing Wish,Helping Hand,Wish,Psywave,Safeguard,,,,
381,Latios,Latios,Memento,Helping Hand,Heal Block,Psywave,Safeguard,,,,
381,Latios,Latios (Mega Latios),Memento,Helping Hand,Heal Block,Psywave,Safeguard,,,,
382,Kyogre,Kyogre,Ancient Power,Water Pulse,,,,,,,
382,Kyogre,Kyogre (Primal Reversion),Ancient Power,Water Pulse,,,,,,,
383,Groudon,Groudon,Ancient Power,Mud Shot,,,,,,,
383,Groudon,Groudon (Primal Reversion),Ancient Power,Mud Shot,,,,,,,
384,Rayquaza,Rayquaza,Twister,,,,,,,,
384,Rayquaza,Rayquaza (Mega Rayquaza),Twister,,,,,,,,
385,Jirachi,Jirachi,Wish,Confusion,,,,,,,
386,Deoxys,Deoxys (Normal Forme),Leer,Wrap,,,,,,,
386,Deoxys,Deoxys (Attack Forme),Leer,Wrap,,,,,,,
386,Deoxys,Deoxys (Defense Forme),Leer,Wrap,,,,,,,
386,Deoxys,Deoxys (Speed Forme),Leer,Wrap,,,,,,,
387,Turtwig,Turtwig,Tackle,,,,,,,,
388,Grotle,Grotle,Tackle,Withdraw,Absorb,,,,,,
389,Torterra,Torterra,Earthquake,Wood Hammer,Tackle,Withdraw,Absorb,Razor Leaf,,,
390,Chimchar,Chimchar,Scratch,Leer,,,,,,,
391,Monferno,Monferno,Mach Punch,Scratch,Leer,Ember,,,,,
392,Infernape,Infernape,Close Combat,Mach Punch,Flare Blitz,Scratch,Leer,Ember,Taunt,,
393,Piplup,Piplup,Pound,,,,,,,,
394,Prinplup,Prinplup,Metal Claw,Tackle,Growl,Bubble,,,,,
395,Empoleon,Empoleon,Aqua Jet,Metal Claw,Tackle,Growl,Bubble,,,,
396,Starly,Starly,Tackle,Growl,,,,,,,
397,Staravia,Staravia,Tackle,Growl,Quick Attack,,,,,,
398,Staraptor,Staraptor,Close Combat,Tackle,Growl,Quick Attack,Wing Attack,,,,
399,Bidoof,Bidoof,Tackle,Growl,,,,,,,
400,Bibarel,Bibarel,Water Gun,Aqua Jet,Rototiller,Tackle,Growl,,,,
401,Kricketot,Kricketot,Growl,Bide,Snore,Endeavor,,,,,
402,Kricketune,Kricketune,Fury Cutter,Growl,Bide,,,,,,
403,Shinx,Shinx,Tackle,,,,,,,,
404,Luxio,Luxio,Tackle,Leer,,,,,,,
405,Luxray,Luxray,Electric Terrain,Tackle,Leer,Charge,,,,,
406,Budew,Budew,Absorb,,,,,,,,
407,Roserade,Roserade,Venom Drench,Grassy Terrain,Weather Ball,Poison Sting,Mega Drain,Magical Leaf,Sweet Scent,,
408,Cranidos,Cranidos,Headbutt,Leer,,,,,,,
409,Rampardos,Rampardos,Endeavor,Headbutt,Leer,Focus Energy,Pursuit,,,,
410,Shieldon,Shieldon,Tackle,Protect,,,,,,,
411,Bastiodon,Bastiodon,Block,Tackle,Protect,Taunt,Metal Sound,,,,
412,Burmy,Burmy,Protect,Bug Bite,Electroweb,Snore,,,,,
413,Wormadam,Wormadam (Plant Cloak),Quiver Dance,Sucker Punch,Tackle,Protect,Bug Bite,,,,
413,Wormadam,Wormadam (Sandy Cloak),Quiver Dance,Sucker Punch,Tackle,Protect,Bug Bite,,,,
413,Wormadam,Wormadam (Trash Cloak),Quiver Dance,Metal Burst,Sucker Punch,Tackle,Protect,Bug Bite,,,
414,Mothim,Mothim,Quiver Dance,Tackle,Protect,Bug Bite,,,,,
415,Combee,Combee,Sweet Scent,Gust,Bug Bite,Snore,Tailwind,Endeavor,,,
416,Vespiquen,Vespiquen,Slash,Fell Stinger,Destiny Bond,Sweet Scent,Gust,Poison Sting,Confuse Ray,,
417,Pachirisu,Pachirisu,Growl,Bide,,,,,,,
418,Buizel,Buizel,Sonic Boom,,,,,,,,
419,Floatzel,Floatzel,Ice Fang,Crunch,Sonic Boom,Growl,Water Sport,Quick Attack,,,
420,Cherubi,Cherubi,Morning Sun,Tackle,,,,,,,
421,Cherrim,Cherrim,Petal Dance,Morning Sun,Tackle,Growth,Leech Seed,,,,
421,Cherrim,Cherrim (Sunshine Form),Petal Dance,Morning Sun,Tackle,Growth,Leech Seed,,,,
422,Shellos,Shellos (West Sea),Mud-Slap,,,,,,,,
422,Shellos,Shellos (East Sea),Mud-Slap,,,,,,,,
423,Gastrodon,Gastrodon,Mud-Slap,Mud Sport,Harden,Water Pulse,,,,,
423,Gastrodon,Gastrodon (East Sea),Mud-Slap,Mud Sport,Harden,Water Pulse,,,,,
424,Ambipom,Ambipom,Dual Chop,Scratch,Tail Whip,Sand Attack,Astonish,,,,
425,Drifloon,Drifloon,Constrict,Minimize,,,,,,,
426,Drifblim,Drifblim,Phantom Force,Constrict,Minimize,Astonish,Gust,,,,
427,Buneary,Buneary,Frustration,Defense Curl,Splash,Pound,Foresight,,,,
428,Lopunny,Lopunny,Return,Healing Wish,Bounce,Rototiller,Mirror Coat,Magic Coat,Defense Curl,Splash,Pound
428,Lopunny,Lopunny (Mega Lopunny),Return,Healing Wish,Bounce,Rototiller,Mirror Coat,Magic Coat,Defense Curl,Splash,Pound
429,Mismagius,Mismagius,Mystical Fire,Power Gem,Phantom Force,Lucky Chant,Magical Leaf,Growl,Psywave,Spite,Astonish
430,Honchkrow,Honchkrow,Night Slash,Sucker Punch,Astonish,Pursuit,Haze,Wing Attack,,,
431,Glameow,Glameow,Fake Out,,,,,,,,
432,Purugly,Purugly,Swagger,Fake Out,Scratch,Growl,,,,,
433,Chingling,Chingling,Wrap,,,,,,,,
434,Stunky,Stunky,Scratch,Focus Energy,,,,,,,
435,Skuntank,Skuntank,Flamethrower,Scratch,Focus Energy,Poison Gas,Screech,,,,
436,Bronzor,Bronzor,Tackle,Confusion,,,,,,,
437,Bronzong,Bronzong,Block,Sunny Day,Rain Dance,Tackle,Confusion,Hypnosis,Imprison,,
438,Bonsly,Bonsly,Fake Tears,Copycat,,,,,,,
439,Mime Jr.,Mime Jr.,Tickle,Barrier,Confusion,,,,,,
440,Happiny,Happiny,Pound,Charm,,,,,,,
441,Chatot,Chatot,Hyper Voice,Chatter,Confide,Taunt,Peck,,,,
442,Spiritomb,Spiritomb,Curse,Pursuit,Confuse Ray,Spite,Shadow Sneak,,,,
443,Gible,Gible,Tackle,,,,,,,,
444,Gabite,Gabite,Dual Chop,Tackle,Sand Attack,Dragon Rage,,,,,
445,Garchomp,Garchomp,Crunch,Dual Chop,Fire Fang,Tackle,Sand Attack,Dragon Rage,Sandstorm,,
445,Garchomp,Garchomp (Mega Garchomp),Crunch,Dual Chop,Fire Fang,Tackle,Sand Attack,Dragon Rage,Sandstorm,,
446,Munchlax,Munchlax,Last Resort,Recycle,Lick,Metronome,Odor Sleuth,Tackle,,,
447,Riolu,Riolu,Foresight,Quick Attack,Endure,,,,,,
448,Lucario,Lucario,Aura Sphere,Laser Focus,Foresight,Quick Attack,Detect,Metal Claw,,,
448,Lucario,Lucario (Mega Lucario),Aura Sphere,Laser Focus,Foresight,Quick Attack,Detect,Metal Claw,,,
449,Hippopotas,Hippopotas,Tackle,Sand Attack,,,,,,,
450,Hippowdon,Hippowdon,Ice Fang,Fire Fang,Thunder Fang,Tackle,Sand Attack,Bite,Yawn,,
451,Skorupi,Skorupi,Bite,Poison Sting,Leer,,,,,,
452,Drapion,Drapion,Thunder Fang,Ice Fang,Fire Fang,Bite,Poison Sting,Leer,Knock Off,,
453,Croagunk,Croagunk,Astonish,,,,,,,,
454,Toxicroak,Toxicroak,Astonish,Mud-Slap,Poison Sting,,,,,,
455,Carnivine,Carnivine,Bind,Growth,,,,,,,
456,Finneon,Finneon,Pound,,,,,,,,
457,Lumineon,Lumineon,Soak,Gust,Pound,Water Gun,Attract,,,,
458,Mantyke,Mantyke,Tackle,Bubble,,,,,,,
459,Snover,Snover,Powder Snow,Leer,,,,,,,
460,Abomasnow,Abomasnow,Ice Punch,Powder Snow,Leer,Razor Leaf,Icy Wind,,,,
460,Abomasnow,Abomasnow (Mega Abomasnow),Ice Punch,Powder Snow,Leer,Razor Leaf,Icy Wind,,,,
461,Weavile,Weavile,Embargo,Revenge,Assurance,Scratch,Leer,Taunt,Quick Attack,,
462,Magnezone,Magnezone,Tri Attack,Zap Cannon,Magnetic Flux,Mirror Coat,Barrier,Electric Terrain,Tackle,Supersonic,Thunder Shock
463,Lickilicky,Lickilicky,Wring Out,Power Whip,Lick,,,,,,
464,Rhyperior,Rhyperior,Hammer Arm,Rock Wrecker,Horn Drill,Poison Jab,Horn Attack,Tail Whip,Fury Attack,Scary Face,
465,Tangrowth,Tangrowth,Block,Ingrain,Constrict,,,,,,
466,Electivire,Electivire,Electric Terrain,Ion Deluge,Fire Punch,Quick Attack,Leer,Thunder Shock,Low Kick,,
467,Magmortar,Magmortar,Thunder Punch,Smog,Leer,Ember,Smokescreen,,,,
468,Togekiss,Togekiss,After You,Sky Attack,Extreme Speed,Aura Sphere,Air Slash,,,,
469,Yanmega,Yanmega,Bug Buzz,Air Slash,Night Slash,Bug Bite,Tackle,Foresight,Quick Attack,Double Team,
470,Leafeon,Leafeon,Razor Leaf,Helping Hand,Tackle,Tail Whip,,,,,
471,Glaceon,Glaceon,Icy Wind,Helping Hand,Tackle,Tail Whip,,,,,
472,Gliscor,Gliscor,Guillotine,Thunder Fang,Ice Fang,Fire Fang,Poison Jab,Sand Attack,Harden,Knock Off,
473,Mamoswine,Mamoswine,Fury Attack,Scary Face,Ancient Power,Peck,Odor Sleuth,Mud Sport,Powder Snow,,
474,Porygon-Z,Porygon-Z,Trick Room,Zap Cannon,Magic Coat,Conversion 2,Tackle,Conversion,Nasty Plot,,
475,Gallade,Gallade,Slash,Stored Power,Close Combat,Leaf Blade,Night Slash,Leer,Confusion,Double Team,Teleport
475,Gallade,Gallade (Mega Gallade),Slash,Stored Power,Close Combat,Leaf Blade,Night Slash,Leer,Confusion,Double Team,Teleport
476,Probopass,Probopass,Tri Attack,Magnetic Flux,Magnet Rise,Gravity,Wide Guard,Tackle,Iron Defense,Block,Magnet Bomb
477,Dusknoir,Dusknoir,Shadow Punch,Future Sight,Fire Punch,Ice Punch,Thunder Punch,Gravity,Bind,Leer,Night Shade
478,Froslass,Froslass,Ominous Wind,Destiny Bond,Powder Snow,Leer,Double Team,Ice Shard,,,
479,Rotom,Rotom,Discharge,Charge,Trick,Astonish,Thunder Wave,Thunder Shock,Confuse Ray,,
479,Rotom,Rotom (Heat Rotom),Discharge,Charge,Trick,Astonish,Thunder Wave,Thunder Shock,Confuse Ray,,
479,Rotom,Rotom (Wash Rotom),Discharge,Charge,Trick,Astonish,Thunder Wave,Thunder Shock,Confuse Ray,,
479,Rotom,Rotom (Frost Rotom),Discharge,Charge,Trick,Astonish,Thunder Wave,Thunder Shock,Confuse Ray,,
479,Rotom,Rotom (Fan Rotom),Discharge,Charge,Trick,Astonish,Thunder Wave,Thunder Shock,Confuse Ray,,
479,Rotom,Rotom (Mow Rotom),Discharge,Charge,Trick,Astonish,Thunder Wave,Thunder Shock,Confuse Ray,,
480,Uxie,Uxie,Memento,Natural Gift,Flail,Rest,Confusion,,,,
481,Mesprit,Mesprit,Healing Wish,Natural Gift,Copycat,Rest,Confusion,,,,
482,Azelf,Azelf,Natural Gift,Last Resort,Rest,Confusion,,,,,
483,Dialga,Dialga,Dragon Breath,Scary Face,,,,,,,
484,Palkia,Palkia,Dragon Breath,Scary Face,,,,,,,
485,Heatran,Heatran,Magma Storm,Heat Wave,Earth Power,Iron Head,Fire Spin,Ancient Power,,,
486,Regigigas,Regigigas,Heavy Slam,Crush Grip,Fire Punch,Ice Punch,Thunder Punch,Dizzy Punch,Knock Off,Confuse Ray,Foresight
487,Giratina,Giratina (Altered Forme),Dragon Breath,Scary Face,,,,,,,
487,Giratina,Giratina (Origin Forme),Dragon Breath,Scary Face,,,,,,,
488,Cresselia,Cresselia,Lunar Dance,Psycho Shift,Psycho Cut,Moonlight,Confusion,Double Team,,,
489,Phione,Phione,Bubble,Water Sport,,,,,,,
490,Manaphy,Manaphy,Tail Glow,Bubble,Water Sport,,,,,,
491,Darkrai,Darkrai,Ominous Wind,Disable,,,,,,,
492,Shaymin,Shaymin (Land Forme),Growth,,,,,,,,
492,Shaymin,Shaymin (Sky Forme),Growth,,,,,,,,
493,Arceus,Arceus,Seismic Toss,Cosmic Power,Natural Gift,Punishment,,,,,
494,Victini,Victini,Searing Shot,Focus Energy,Confusion,Incinerate,Quick Attack,,,,
495,Snivy,Snivy,Tackle,,,,,,,,
496,Servine,Servine,Tackle,Leer,Vine Whip,Wrap,,,,,
497,Serperior,Serperior,Tackle,Leer,Vine Whip,Wrap,,,,,
498,Tepig,Tepig,Tackle,,,,,,,,
499,Pignite,Pignite,Arm Thrust,Tackle,Tail Whip,Ember,Odor Sleuth,,,,
500,Emboar,Emboar,Arm Thrust,Hammer Arm,Tackle,Tail Whip,Ember,Odor Sleuth,,,
501,Oshawott,Oshawott,Tackle,,,,,,,,
502,Dewott,Dewott,Tackle,Tail Whip,Water Gun,Water Sport,,,,,
503,Samurott,Samurott,Slash,Megahorn,Tackle,Tail Whip,Water Gun,Water Sport,,,
504,Patrat,Patrat,Tackle,,,,,,,,
505,Watchog,Watchog,Confuse Ray,Rototiller,Tackle,Leer,Bite,Low Kick,,,
506,Lillipup,Lillipup,Leer,Tackle,,,,,,,
507,Herdier,Herdier,Leer,Tackle,Odor Sleuth,Bite,,,,,
508,Stoutland,Stoutland,Ice Fang,Fire Fang,Thunder Fang,Leer,Tackle,Odor Sleuth,Bite,,
509,Purrloin,Purrloin,Scratch,,,,,,,,
510,Liepard,Liepard,Scratch,Growl,Assist,Sand Attack,,,,,
511,Pansage,Pansage,Scratch,Play Nice,,,,,,,
512,Simisage,Simisage,Leer,Lick,Fury Swipes,Seed Bomb,,,,,
513,Pansear,Pansear,Scratch,Play Nice,,,,,,,
514,Simisear,Simisear,Leer,Lick,Fury Swipes,Flame Burst,,,,,
515,Panpour,Panpour,Scratch,Play Nice,,,,,,,
516,Simipour,Simipour,Leer,Lick,Fury Swipes,Scald,,,,,
517,Munna,Munna,Psywave,Defense Curl,,,,,,,
518,Musharna,Musharna,Psychic Terrain,Defense Curl,Lucky Chant,Psybeam,Hypnosis,,,,
519,Pidove,Pidove,Gust,,,,,,,,
520,Tranquill,Tranquill,Gust,Growl,Leer,Quick Attack,,,,,
521,Unfezant,Unfezant,Gust,Growl,Leer,Quick Attack,,,,,
522,Blitzle,Blitzle,Quick Attack,,,,,,,,
523,Zebstrika,Zebstrika,Ion Deluge,Quick Attack,Tail Whip,Charge,Thunder Wave,,,,
524,Roggenrola,Roggenrola,Tackle,,,,,,,,
525,Boldore,Boldore,Power Gem,Tackle,Harden,Sand Attack,Headbutt,,,,
526,Gigalith,Gigalith,Power Gem,Tackle,Harden,Sand Attack,Headbutt,,,,
527,Woobat,Woobat,Confusion,,,,,,,,
528,Swoobat,Swoobat,Confusion,Odor Sleuth,Gust,Assurance,,,,,
529,Drilbur,Drilbur,Scratch,Mud Sport,,,,,,,
530,Excadrill,Excadrill,Horn Drill,Rototiller,Scratch,Mud Sport,Rapid Spin,Mud-Slap,,,
531,Audino,Audino,Last Resort,Hyper Voice,Misty Terrain,Play Nice,Pound,Growl,Helping Hand,,
531,Audino,Audino (Mega Audino),Last Resort,Hyper Voice,Misty Terrain,Play Nice,Pound,Growl,Helping Hand,,
532,Timburr,Timburr,Pound,Leer,,,,,,,
533,Gurdurr,Gurdurr,Pound,Leer,Focus Energy,Bide,,,,,
534,Conkeldurr,Conkeldurr,Pound,Leer,Focus Energy,Bide,,,,,
535,Tympole,Tympole,Bubble,Growl,,,,,,,
536,Palpitoad,Palpitoad,Bubble,Growl,Supersonic,Round,,,,,
537,Seismitoad,Seismitoad,Acid,Bubble,Growl,Supersonic,Round,,,,
538,Throh,Throh,Mat Block,Bind,Leer,Bide,Focus Energy,,,,
539,Sawk,Sawk,Rock Smash,Leer,Bide,Focus Energy,,,,,
540,Sewaddle,Sewaddle,Tackle,String Shot,,,,,,,
541,Swadloon,Swadloon,Protect,Grass Whistle,Tackle,String Shot,Bug Bite,Razor Leaf,,,
542,Leavanny,Leavanny,Slash,False Swipe,Tackle,String Shot,Bug Bite,Razor Leaf,,,
543,Venipede,Venipede,Defense Curl,Rollout,,,,,,,
544,Whirlipede,Whirlipede,Iron Defense,Defense Curl,Rollout,Poison Sting,Screech,,,,
545,Scolipede,Scolipede,Baton Pass,Iron Defense,Megahorn,Defense Curl,Rollout,Poison Sting,Screech,,
546,Cottonee,Cottonee,Absorb,Fairy Wind,,,,,,,
547,Whimsicott,Whimsicott,Growth,Leech Seed,Mega Drain,Cotton Spore,,,,,
548,Petilil,Petilil,Absorb,,,,,,,,
549,Lilligant,Lilligant,Growth,Leech Seed,Mega Drain,Synthesis,,,,,
550,Basculin,Basculin,Tail Whip,Tackle,Water Gun,,,,,,
550,Basculin,Basculin (Blue-Striped Form),Tail Whip,Tackle,Water Gun,,,,,,
551,Sandile,Sandile,Leer,Rage,,,,,,,
552,Krokorok,Krokorok,Leer,Rage,Bite,Sand Attack,,,,,
553,Krookodile,Krookodile,Power Trip,Leer,Rage,Bite,Sand Attack,,,,
554,Darumaka,Darumaka,Tackle,,,,,,,,
555,Darmanitan,Darmanitan,Hammer Arm,Tackle,Rollout,Incinerate,Rage,,,,
555,Darmanitan,Darmanitan (Zen Mode),Hammer Arm,Tackle,Rollout,Incinerate,Rage,,,,
556,Maractus,Maractus,Spiky Shield,Cotton Guard,After You,Peck,Absorb,,,,
557,Dwebble,Dwebble,Fury Cutter,,,,,,,,
558,Crustle,Crustle,Shell Smash,Rock Blast,Withdraw,Sand Attack,,,,,
559,Scraggy,Scraggy,Leer,Headbutt,,,,,,,
560,Scrafty,Scrafty,Leer,Headbutt,Sand Attack,Feint Attack,,,,,
561,Sigilyph,Sigilyph,Gust,Miracle Eye,,,,,,,
562,Yamask,Yamask,Astonish,Protect,,,,,,,
563,Cofagrigus,Cofagrigus,Scary Face,Astonish,Protect,Disable,Haze,,,,
564,Tirtouga,Tirtouga,Bide,Withdraw,Water Gun,,,,,,
565,Carracosta,Carracosta,Bide,Withdraw,Water Gun,Rollout,,,,,
566,Archen,Archen,Quick Attack,Leer,Wing Attack,,,,,,
567,Archeops,Archeops,Quick Attack,Leer,Wing Attack,Rock Throw,,,,,
568,Trubbish,Trubbish,Pound,Poison Gas,,,,,,,
569,Garbodor,Garbodor,Pound,Poison Gas,Recycle,Toxic Spikes,,,,,
570,Zorua,Zorua,Scratch,Leer,,,,,,,
571,Zoroark,Zoroark,Night Slash,Night Daze,Imprison,U-turn,Scratch,Leer,Pursuit,Hone Claws,
572,Minccino,Minccino,Pound,,,,,,,,
573,Cinccino,Cinccino,Bullet Seed,Rock Blast,Helping Hand,Tickle,Sing,Tail Slap,,,
574,Gothita,Gothita,Pound,,,,,,,,
575,Gothorita,Gothorita,Pound,Confusion,Tickle,Play Nice,,,,,
576,Gothitelle,Gothitelle,Pound,Confusion,Tickle,Play Nice,,,,,
577,Solosis,Solosis,Psywave,,,,,,,,
578,Duosion,Duosion,Psywave,Reflect,Rollout,Snatch,,,,,
579,Reuniclus,Reuniclus,Dizzy Punch,Psywave,Reflect,Rollout,Snatch,,,,
580,Ducklett,Ducklett,Water Gun,,,,,,,,
581,Swanna,Swanna,Water Gun,Water Sport,Defog,Wing Attack,,,,,
582,Vanillite,Vanillite,Icicle Spear,,,,,,,,
583,Vanillish,Vanillish,Icicle Spear,Harden,Astonish,Uproar,,,,,
584,Vanilluxe,Vanilluxe,Sheer Cold,Freeze-Dry,Weather Ball,Icicle Spear,Harden,Astonish,Uproar,,
585,Deerling,Deerling,Tackle,Camouflage,,,,,,,
586,Sawsbuck,Sawsbuck,Horn Leech,Megahorn,Tackle,Camouflage,Growl,Sand Attack,,,
587,Emolga,Emolga,Thunder Shock,,,,,,,,
588,Karrablast,Karrablast,Peck,,,,,,,,
589,Escavalier,Escavalier,Double-Edge,Fell Stinger,Peck,Leer,Quick Guard,Twineedle,,,
590,Foongus,Foongus,Absorb,,,,,,,,
591,Amoonguss,Amoonguss,Absorb,Growth,Astonish,Bide,,,,,
592,Frillish,Frillish,Bubble,Water Sport,,,,,,,
593,Jellicent,Jellicent,Water Spout,Wring Out,Bubble,Water Sport,Absorb,Night Shade,,,
594,Alomomola,Alomomola,Play Nice,Hydro Pump,Wide Guard,Healing Wish,Helping Hand,Pound,Water Sport,,
595,Joltik,Joltik,String Shot,Absorb,Spider Web,,,,,,
596,Galvantula,Galvantula,Sticky Web,String Shot,Absorb,Spider Web,Thunder Wave,,,,
597,Ferroseed,Ferroseed,Tackle,Harden,,,,,,,
598,Ferrothorn,Ferrothorn,Power Whip,Rock Climb,Tackle,Harden,Rollout,Curse,,,
599,Klink,Klink,Vice Grip,,,,,,,,
600,Klang,Klang,Vice Grip,Charge,Thunder Shock,Gear Grind,,,,,
601,Klinklang,Klinklang,Magnetic Flux,Gear Up,Vice Grip,Charge,Thunder Shock,Gear Grind,,,
602,Tynamo,Tynamo,Tackle,Thunder Wave,Spark,Charge Beam,Magnet Rise,,,,
603,Eelektrik,Eelektrik,Crunch,Headbutt,Thunder Wave,Spark,Charge Beam,,,,
604,Eelektross,Eelektross,Crunch,Thrash,Zap Cannon,Gastro Acid,Coil,Ion Deluge,Crush Claw,Headbutt,Acid
605,Elgyem,Elgyem,Confusion,,,,,,,,
606,Beheeyem,Beheeyem,Psychic Terrain,Wonder Room,Synchronoise,Confusion,Growl,Heal Block,Miracle Eye,,
607,Litwick,Litwick,Ember,Astonish,,,,,,,
608,Lampent,Lampent,Ember,Astonish,Minimize,Smog,,,,,
609,Chandelure,Chandelure,Pain Split,Smog,Confuse Ray,Flame Burst,Hex,,,,
610,Axew,Axew,Scratch,,,,,,,,
611,Fraxure,Fraxure,Scratch,Leer,Assurance,Dragon Rage,,,,,
612,Haxorus,Haxorus,Outrage,Scratch,Leer,Assurance,Dragon Rage,,,,
613,Cubchoo,Cubchoo,Growl,,,,,,,,
614,Beartic,Beartic,Icicle Crash,Sheer Cold,Thrash,Superpower,Aqua Jet,Growl,Powder Snow,Bide,Icy Wind
615,Cryogonal,Cryogonal,Sheer Cold,Night Slash,Bind,Ice Shard,Sharpen,Rapid Spin,,,
616,Shelmet,Shelmet,Absorb,,,,,,,,
617,Accelgor,Accelgor,Water Shuriken,Final Gambit,Power Swap,Absorb,Acid Spray,Double Team,Quick Attack,,
618,Stunfisk,Stunfisk,Fissure,Flail,Tackle,Water Gun,Mud-Slap,Mud Sport,,,
619,Mienfoo,Mienfoo,Pound,,,,,,,,
620,Mienshao,Mienshao,Aura Sphere,Reversal,Pound,Meditate,Detect,Fake Out,,,
621,Druddigon,Druddigon,Leer,Scratch,,,,,,,
622,Golett,Golett,Pound,Astonish,Defense Curl,,,,,,
623,Golurk,Golurk,Heavy Slam,High Horsepower,Pound,Astonish,Defense Curl,Mud-Slap,,,
624,Pawniard,Pawniard,Scratch,,,,,,,,
625,Bisharp,Bisharp,Guillotine,Iron Head,Metal Burst,Scratch,Leer,Fury Cutter,Torment,,
626,Bouffalant,Bouffalant,Pursuit,Leer,,,,,,,
627,Rufflet,Rufflet,Peck,Leer,,,,,,,
628,Braviary,Braviary,Superpower,Thrash,Brave Bird,Whirlwind,Superpower,Peck,Leer,Fury Attack,Wing Attack
629,Vullaby,Vullaby,Gust,Leer,,,,,,,
630,Mandibuzz,Mandibuzz,Bone Rush,Mirror Move,Brave Bird,Whirlwind,Bone Rush,Gust,Leer,Fury Attack,Pluck
631,Heatmor,Heatmor,Hone Claws,Tackle,Incinerate,Lick,,,,,
632,Durant,Durant,Metal Sound,Guillotine,Vice Grip,Sand Attack,Fury Cutter,Bite,,,
633,Deino,Deino,Tackle,Dragon Rage,,,,,,,
634,Zweilous,Zweilous,Double Hit,Dragon Rage,Focus Energy,Bite,,,,,
635,Hydreigon,Hydreigon,Outrage,Hyper Voice,Tri Attack,Dragon Rage,Focus Energy,Bite,,,
636,Larvesta,Larvesta,Ember,String Shot,,,,,,,
637,Volcarona,Volcarona,Quiver Dance,Fiery Dance,Hurricane,Rage Powder,Heat Wave,Quiver Dance,Flare Blitz,Thrash,Amnesia
638,Cobalion,Cobalion,Close Combat,Metal Burst,Quick Attack,Leer,Double Kick,Metal Claw,,,
639,Terrakion,Terrakion,Close Combat,Quick Attack,Leer,Double Kick,Smack Down,,,,
640,Virizion,Virizion,Close Combat,Leaf Blade,Quick Attack,Leer,Double Kick,Magical Leaf,,,
641,Tornadus,Tornadus,Thrash,Hammer Arm,Hurricane,Uproar,Astonish,Gust,Swagger,,
641,Tornadus,Tornadus (Therian Forme),Thrash,Hammer Arm,Hurricane,Uproar,Astonish,Gust,Swagger,,
642,Thundurus,Thundurus,Thrash,Nasty Plot,Uproar,Astonish,Thunder Shock,Swagger,,,
642,Thundurus,Thundurus (Therian Forme),Thrash,Hammer Arm,Nasty Plot,Uproar,Astonish,Thunder Shock,Swagger,,
643,Reshiram,Reshiram,Fire Fang,Dragon Rage,,,,,,,
644,Zekrom,Zekrom,Thunder Fang,Dragon Rage,,,,,,,
645,Landorus,Landorus,Outrage,Hammer Arm,Fissure,Block,Mud Shot,Rock Tomb,Imprison,,
645,Landorus,Landorus (Therian Forme),Outrage,Hammer Arm,Fissure,Block,Mud Shot,Rock Tomb,Imprison,,
646,Kyurem,Kyurem,Icy Wind,Dragon Rage,,,,,,,
646,Kyurem,Kyurem (White Kyurem),Icy Wind,Dragon Rage,,,,,,,
646,Kyurem,Kyurem (Black Kyurem),Icy Wind,Dragon Rage,,,,,,,
647,Keldeo,Keldeo,Aqua Jet,Leer,Double Kick,Bubble Beam,,,,,
647,Keldeo,Keldeo (Resolute Form),Aqua Jet,Leer,Double Kick,Bubble Beam,,,,,
648,Meloetta,Meloetta (Aria Forme),Round,Quick Attack,Confusion,Sing,,,,,
648,Meloetta,Meloetta (Pirouette Forme),Round,Quick Attack,Confusion,Sing,,,,,
649,Genesect,Genesect,Fell Stinger,Techno Blast,Quick Attack,Magnet Rise,Metal Claw,Screech,,,
650,Chespin,Chespin,Growl,Vine Whip,,,,,,,
651,Quilladin,Quilladin,Needle Arm,Growl,Vine Whip,,,,,,
652,Chesnaught,Chesnaught,Spiky Shield,Needle Arm,Hammer Arm,Feint,Belly Drum,Tackle,Growl,Vine Whip,Rollout
653,Fennekin,Fennekin,Scratch,Tail Whip,,,,,,,
654,Braixen,Braixen,Scratch,Tail Whip,Ember,,,,,,
655,Delphox,Delphox,Mystical Fire,Future Sight,Role Play,Switcheroo,Shadow Ball,Scratch,Tail Whip,Ember,Howl
656,Froakie,Froakie,Pound,Growl,,,,,,,
657,Frogadier,Frogadier,Pound,Growl,Bubble,,,,,,
658,Greninja,Greninja,Water Shuriken,Night Slash,Haze,Role Play,Mat Block,Pound,Growl,Bubble,Quick Attack
658,Greninja,Greninja (Battle Bond),Water Shuriken,Night Slash,Haze,Role Play,Mat Block,Pound,Growl,Bubble,Quick Attack
658,Greninja,Greninja (Ash-Greninja),Water Shuriken,Night Slash,Haze,Role Play,Mat Block,Pound,Growl,Bubble,Quick Attack
659,Bunnelby,Bunnelby,Tackle,Agility,Leer,,,,,,
660,Diggersby,Diggersby,Hammer Arm,Rototiller,Bulldoze,Swords Dance,Tackle,Agility,Leer,,
661,Fletchling,Fletchling,Tackle,Growl,,,,,,,
662,Fletchinder,Fletchinder,Ember,Tackle,Growl,Quick Attack,,,,,
663,Talonflame,Talonflame,Ember,Brave Bird,Flare Blitz,Tackle,Growl,Quick Attack,Peck,,
664,Scatterbug,Scatterbug,Tackle,String Shot,Egg - Rage Powder,Bug Bite,,,,,
665,Spewpa,Spewpa,Protect,Harden,Egg - Stun Spore,Egg - Poison Powder,Egg - Rage Powder,Bug Bite,Iron Defense,Electroweb,
666,Vivillon,Vivillon,Gust,Powder,Sleep Powder,Poison Powder,Stun Spore,Struggle Bug,,,
667,Litleo,Litleo,Tackle,Leer,,,,,,,
668,Pyroar,Pyroar,Hyper Beam,Tackle,Leer,Ember,Work Up,,,,
669,Flabébé,Flabébé,Tackle,Vine Whip,,,,,,,
670,Floette,Floette,Tackle,Vine Whip,Fairy Wind,,,,,,
670,Floette,Floette (Yellow Flower),Tackle,Vine Whip,Fairy Wind,,,,,,
670,Floette,Floette (Orange Flower),Tackle,Vine Whip,Fairy Wind,,,,,,
670,Floette,Floette (Blue Flower),Tackle,Vine Whip,Fairy Wind,,,,,,
670,Floette,Floette (White Flower),Tackle,Vine Whip,Fairy Wind,,,,,,
670,Floette,Floette (Eternal Flower),Tackle,Vine Whip,Fairy Wind,,,,,,
671,Florges,Florges,Disarming Voice,Lucky Chant,Wish,Magical Leaf,Flower Shield,Grass Knot,Grassy Terrain,Petal Blizzard,Misty Terrain
672,Skiddo,Skiddo,Tackle,Growth,,,,,,,
673,Gogoat,Gogoat,Aerial Ace,Earthquake,Tackle,Growth,Vine Whip,Tail Whip,,,
674,Pancham,Pancham,Tackle,Leer,,,,,,,
675,Pangoro,Pangoro,Bullet Punch,Hammer Arm,Low Sweep,Entrainment,Tackle,Leer,Arm Thrust,Work Up,
676,Furfrou,Furfrou,Tackle,Growl,,,,,,,
676,Furfrou,Furfrou (Heart Trim),Tackle,Growl,,,,,,,
676,Furfrou,Furfrou (Star Trim),Tackle,Growl,,,,,,,
676,Furfrou,Furfrou (Diamond Trim),Tackle,Growl,,,,,,,
676,Furfrou,Furfrou (Debutante Trim),Tackle,Growl,,,,,,,
676,Furfrou,Furfrou (Matron Trim),Tackle,Growl,,,,,,,
676,Furfrou,Furfrou (Dandy Trim),Tackle,Growl,,,,,,,
676,Furfrou,Furfrou (La Reine Trim),Tackle,Growl,,,,,,,
676,Furfrou,Furfrou (Kabuki Trim),Tackle,Growl,,,,,,,
676,Furfrou,Furfrou (Pharaoh Trim),Tackle,Growl,,,,,,,
677,Espurr,Espurr,Scratch,Leer,,,,,,,
678,Meowstic,Meowstic (Male),Quick Guard,Mean Look,Helping Hand,Scratch,Leer,Covet,Confusion,,
678,Meowstic,Meowstic (Female),Stored Power,Me First,Magical Leaf,Scratch,Leer,Covet,Confusion,,
679,Honedge,Honedge,Tackle,Swords Dance,,,,,,,
680,Doublade,Doublade,Tackle,Swords Dance,Fury Cutter,,,,,,
681,Aegislash,Aegislash,Fury Cutter,Pursuit,Autotomize,Shadow Sneak,Slash,Iron Defense,Night Slash,Power Trick,Iron Head
681,Aegislash,Aegislash,Fury Cutter,Pursuit,Autotomize,Shadow Sneak,Slash,Iron Defense,Night Slash,Power Trick,Iron Head
681,Aegislash,Aegislash (Blade Forme),Fury Cutter,Pursuit,Autotomize,Shadow Sneak,Slash,Iron Defense,Night Slash,Power Trick,Iron Head
682,Spritzee,Spritzee,Sweet Scent,Fairy Wind,,,,,,,
683,Aromatisse,Aromatisse,Aromatic Mist,Heal Pulse,Sweet Scent,Fairy Wind,Sweet Kiss,Odor Sleuth,,,
684,Swirlix,Swirlix,Sweet Scent,Tackle,,,,,,,
685,Slurpuff,Slurpuff,Sweet Scent,Tackle,Fairy Wind,Play Nice,,,,,
686,Inkay,Inkay,Tackle,Peck,Constrict,,,,,,
687,Malamar,Malamar,Reversal,Tackle,Peck,Constrict,Reflect,,,,
688,Binacle,Binacle,Shell Smash,Scratch,Sand Attack,,,,,,
689,Barbaracle,Barbaracle,Skull Bash,Stone Edge,Shell Smash,Scratch,Sand Attack,Water Gun,,,
690,Skrelp,Skrelp,Tackle,Smokescreen,Water Gun,,,,,,
691,Dragalge,Dragalge,Twister,Dragon Tail,Tackle,Smokescreen,Water Gun,Feint Attack,,,
692,Clauncher,Clauncher,Splash,Water Gun,,,,,,,
693,Clawitzer,Clawitzer,Aura Sphere,Dark Pulse,Dragon Pulse,Heal Pulse,Splash,Water Gun,Water Sport,Vice Grip,
694,Helioptile,Helioptile,Pound,Tail Whip,,,,,,,
695,Heliolisk,Heliolisk,Eerie Impulse,Electrify,Razor Wind,Quick Attack,Thunder,Charge,Parabolic Charge,,
696,Tyrunt,Tyrunt,Tail Whip,Tackle,,,,,,,
697,Tyrantrum,Tyrantrum,Rock Slide,Head Smash,Tail Whip,Tackle,Roar,Stomp,,,
698,Amaura,Amaura,Growl,Powder Snow,,,,,,,
699,Aurorus,Aurorus,Freeze-Dry,Growl,Powder Snow,Thunder Wave,Rock Throw,,,,
700,Sylveon,Sylveon,Fairy Wind,Disarming Voice,Helping Hand,Tackle,Tail Whip,,,,
701,Hawlucha,Hawlucha,Detect,Tackle,Hone Claws,,,,,,
702,Dedenne,Dedenne,Tackle,Tail Whip,,,,,,,
703,Carbink,Carbink,Tackle,Harden,,,,,,,
704,Goomy,Goomy,Tackle,Bubble,,,,,,,
705,Sliggoo,Sliggoo,Tackle,Bubble,Absorb,,,,,,
706,Goodra,Goodra,Aqua Tail,Outrage,Feint,Tackle,Bubble,Absorb,Protect,,
707,Klefki,Klefki,Fairy Lock,Tackle,,,,,,,
708,Phantump,Phantump,Tackle,Confuse Ray,,,,,,,
709,Trevenant,Trevenant,Shadow Claw,Horn Leech,Tackle,Confuse Ray,Astonish,Growth,,,
710,Pumpkaboo,Pumpkaboo (Average Size),Trick,Astonish,Confuse Ray,,,,,,
710,Pumpkaboo,Pumpkaboo (Small Size),Trick,Astonish,Confuse Ray,,,,,,
710,Pumpkaboo,Pumpkaboo (Large Size),Trick,Astonish,Confuse Ray,,,,,,
710,Pumpkaboo,Pumpkaboo (Super Size),Trick,Astonish,Confuse Ray,,,,,,
711,Gourgeist,Gourgeist (Average Size),Explosion,Phantom Force,Trick,Astonish,Confuse Ray,Scary Face,,,
711,Gourgeist,Gourgeist (Small Size),Explosion,Phantom Force,Trick,Astonish,Confuse Ray,Scary Face,,,
711,Gourgeist,Gourgeist (Large Size),Explosion,Phantom Force,Trick,Astonish,Confuse Ray,Scary Face,,,
711,Gourgeist,Gourgeist (Super Size),Explosion,Phantom Force,Trick,Astonish,Confuse Ray,Scary Face,,,
712,Bergmite,Bergmite,Tackle,Bite,Harden,,,,,,
713,Avalugg,Avalugg,Body Slam,Crunch,Skull Bash,Iron Defense,Tackle,Bite,Harden,Powder Snow,
714,Noibat,Noibat,Screech,Supersonic,Tackle,,,,,,
715,Noivern,Noivern,Boomburst,Dragon Pulse,Hurricane,Moonlight,Screech,Supersonic,Tackle,Absorb,
716,Xerneas,Xerneas,Heal Pulse,Aromatherapy,Ingrain,Take Down,,,,,
717,Yveltal,Yveltal,Hurricane,Razor Wind,Taunt,Roost,,,,,
718,Zygarde,Zygarde,Glare,Bulldoze,Dragon Breath,Bite,,,,,
718,Zygarde,Zygarde (10% Forme),Glare,Bulldoze,Dragon Breath,Bite,,,,,
718,Zygarde,Zygarde (10% Forme),Glare,Bulldoze,Dragon Breath,Bite,,,,,
718,Zygarde,Zygarde (50% Forme),Glare,Bulldoze,Dragon Breath,Bite,,,,,
718,Zygarde,Zygarde (Complete Forme),Glare,Bulldoze,Dragon Breath,Bite,,,,,
719,Diancie,Diancie,Tackle,Harden,Rock Throw,,,,,,
719,Diancie,Diancie (Mega Diancie),Tackle,Harden,Rock Throw,,,,,,
720,Hoopa,Hoopa,Hyperspace Hole,Trick,Destiny Bond,Ally Switch,Confusion,,,,
720,Hoopa,Hoopa (Hoopa Unbound),Hyperspace Fury,Trick,Destiny Bond,Ally Switch,Confusion,,,,
721,Volcanion,Volcanion,Steam Eruption,Flare Blitz,Take Down,,,,,,
722,Rowlet,Rowlet,Tackle,Leafage,,,,,,,
723,Dartrix,Dartrix,Tackle,Leafage,Growl,Peck,,,,,
724,Decidueye,Decidueye,Spirit Shackle,U-turn,Tackle,Leafage,Growl,Peck,,,
725,Litten,Litten,Scratch,Ember,,,,,,,
726,Torracat,Torracat,Scratch,Ember,Growl,Lick,,,,,
727,Incineroar,Incineroar,Darkest Lariat,Bulk Up,Throat Chop,Scratch,Ember,Growl,Lick,,
728,Popplio,Popplio,Pound,Water Gun,,,,,,,
729,Brionne,Brionne,Pound,Water Gun,Growl,Disarming Voice,,,,,
730,Primarina,Primarina,Sparkling Aria,Pound,Water Gun,Growl,Disarming Voice,,,,
731,Pikipek,Pikipek,Peck,,,,,,,,
732,Trumbeak,Trumbeak,Rock Blast,Peck,Growl,Echoed Voice,Rock Smash,,,,
733,Toucannon,Toucannon,Beak Blast,Rock Blast,Peck,Growl,Echoed Voice,Rock Smash,,,
734,Yungoos,Yungoos,Tackle,,,,,,,,
735,Gumshoos,Gumshoos,Tackle,Leer,Pursuit,Sand Attack,,,,,
735,Gumshoos,Gumshoos (1),Tackle,Leer,Pursuit,Sand Attack,,,,,
736,Grubbin,Grubbin,Vice Grip,,,,,,,,
737,Charjabug,Charjabug,Charge,Vice Grip,String Shot,Mud-Slap,Bite,,,,
738,Vikavolt,Vikavolt,Thunderbolt,Air Slash,Charge,Vice Grip,String Shot,Mud-Slap,Bite,,
738,Vikavolt,Vikavolt (1),Thunderbolt,Air Slash,Charge,Vice Grip,String Shot,Mud-Slap,Bite,,
739,Crabrawler,Crabrawler,Bubble,,,,,,,,
740,Crabominable,Crabominable,Ice Punch,Bubble,Rock Smash,Leer,Pursuit,,,,
741,Oricorio,Oricorio,Pound,,,,,,,,
741,Oricorio,Oricorio (Pom-Pom Style),Pound,,,,,,,,
741,Oricorio,Oricorio (Pa’u Style),Pound,,,,,,,,
741,Oricorio,Oricorio (Sensu Style),Pound,,,,,,,,
742,Cutiefly,Cutiefly,Absorb,,,,,,,,
743,Ribombee,Ribombee,Pollen Puff,Absorb,Fairy Wind,Stun Spore,Struggle Bug,,,,
744,Rockruff,Rockruff,Tackle,Leer,,,,,,,
745,Lycanroc,Lycanroc (Midday Form),Accelerock,Quick Guard,Quick Attack,Tackle,Leer,Sand Attack,Bite,,
745,Lycanroc,Lycanroc (Midnight Form),Counter,Reversal,Taunt,Tackle,Leer,Sand Attack,Bite,,
746,Wishiwashi,Wishiwashi,Water Gun,Growl,,,,,,,
746,Wishiwashi,Wishiwashi (School Form),Water Gun,Growl,,,,,,,
747,Mareanie,Mareanie,Poison Sting,,,,,,,,
748,Toxapex,Toxapex,Baneful Bunker,Poison Sting,Peck,Bite,Toxic Spikes,,,,
749,Mudbray,Mudbray,Mud-Slap,,,,,,,,
750,Mudsdale,Mudsdale,Mud-Slap,Mud Sport,Rototiller,Bulldoze,,,,,
751,Dewpider,Dewpider,Water Sport,Bubble,,,,,,,
752,Araquanid,Araquanid,Wide Guard,Soak,Bubble,Infestation,Spider Web,Bug Bite,,,
753,Fomantis,Fomantis,Fury Cutter,,,,,,,,
754,Lurantis,Lurantis,Petal Blizzard,X-Scissor,Fury Cutter,Leafage,Razor Leaf,Growth,,,
754,Lurantis,Lurantis (1),Petal Blizzard,X-Scissor,Fury Cutter,Leafage,Razor Leaf,Growth,,,
755,Morelull,Morelull,Absorb,,,,,,,,
756,Shiinotic,Shiinotic,Absorb,Astonish,Ingrain,Flash,,,,,
757,Salandit,Salandit,Scratch,Poison Gas,,,,,,,
758,Salazzle,Salazzle,Captivate,Disable,Encore,Torment,Swagger,Pound,Poison Gas,Ember,Sweet Scent
758,Salazzle,Salazzle (1),Captivate,Disable,Encore,Torment,Swagger,Pound,Poison Gas,Ember,Sweet Scent
759,Stufful,Stufful,Tackle,Leer,,,,,,,
760,Bewear,Bewear,Bind,Tackle,Leer,,,,,,
761,Bounsweet,Bounsweet,Splash,,,,,,,,
762,Steenee,Steenee,Double Slap,Splash,Play Nice,Rapid Spin,Razor Leaf,,,,
763,Tsareena,Tsareena,Trop Kick,Double Slap,Splash,Swagger,Rapid Spin,Razor Leaf,,,
764,Comfey,Comfey,Helping Hand,Vine Whip,Flower Shield,,,,,,
765,Oranguru,Oranguru,Confusion,,,,,,,,
766,Passimian,Passimian,Tackle,,,,,,,,
767,Wimpod,Wimpod,Struggle Bug,Sand Attack,,,,,,,
768,Golisopod,Golisopod,First Impression,Struggle Bug,Sand Attack,Fury Cutter,Rock Smash,,,,
769,Sandygast,Sandygast,Harden,Absorb,,,,,,,
770,Palossand,Palossand,Harden,Absorb,Astonish,Sand Attack,,,,,
771,Pyukumuku,Pyukumuku,Baton Pass,Water Sport,Mud Sport,Harden,Bide,,,,
772,Type: Null,Type: Null,Tackle,,,,,,,,
773,Silvally,Silvally,Multi-Attack,Heal Block,Imprison,Iron Head,Poison Fang,Fire Fang,Ice Fang,Thunder Fang,Tackle
774,Minior,Minior,Tackle,,,,,,,,
774,Minior,Minior (Meteor Form),Tackle,,,,,,,,
774,Minior,Minior (Meteor Form),Tackle,,,,,,,,
774,Minior,Minior (Meteor Form),Tackle,,,,,,,,
774,Minior,Minior (Meteor Form),Tackle,,,,,,,,
774,Minior,Minior (Meteor Form),Tackle,,,,,,,,
774,Minior,Minior (Meteor Form),Tackle,,,,,,,,
774,Minior,Minior (Red Core),Tackle,,,,,,,,
774,Minior,Minior (Orange Core),Tackle,,,,,,,,
774,Minior,Minior (Yellow Core),Tackle,,,,,,,,
774,Minior,Minior (Green Core),Tackle,,,,,,,,
774,Minior,Minior (Blue Core),Tackle,,,,,,,,
774,Minior,Minior (Indigo Core),Tackle,,,,,,,,
774,Minior,Minior (Violet Core),Tackle,,,,,,,,
775,Komala,Komala,Defense Curl,Rollout,,,,,,,
776,Turtonator,Turtonator,Ember,Tackle,,,,,,,
777,Togedemaru,Togedemaru,Tackle,Thunder Shock,,,,,,,
778,Mimikyu,Mimikyu,Wood Hammer,Splash,Scratch,Astonish,Copycat,,,,
778,Mimikyu,Mimikyu (Busted Form),Wood Hammer,Splash,Scratch,Astonish,Copycat,,,,
778,Mimikyu,Mimikyu (2),Wood Hammer,Splash,Scratch,Astonish,Copycat,,,,
778,Mimikyu,Mimikyu (3),Wood Hammer,Splash,Scratch,Astonish,Copycat,,,,
779,Bruxish,Bruxish,Water Gun,,,,,,,,
780,Drampa,Drampa,Play Nice,Echoed Voice,,,,,,,
781,Dhelmise,Dhelmise,Switcheroo,Absorb,Growth,Rapid Spin,Astonish,,,,
782,Jangmo-o,Jangmo-o,Tackle,,,,,,,,
783,Hakamo-o,Hakamo-o,Sky Uppercut,Autotomize,Tackle,Leer,Bide,Protect,,,
784,Kommo-o,Kommo-o,Clanging Scales,Sky Uppercut,Belly Drum,Autotomize,Tackle,Leer,Bide,Protect,
784,Kommo-o,Kommo-o (1),Clanging Scales,Sky Uppercut,Belly Drum,Autotomize,Tackle,Leer,Bide,Protect,
785,Tapu Koko,Tapu Koko,Electric Terrain,Brave Bird,Power Swap,Mean Look,Quick Attack,False Swipe,Withdraw,Thunder Shock,
786,Tapu Lele,Tapu Lele,Psychic Terrain,Aromatic Mist,Aromatherapy,Mean Look,Draining Kiss,Astonish,Withdraw,Confusion,
787,Tapu Bulu,Tapu Bulu,Grassy Terrain,Wood Hammer,Superpower,Mean Look,Disable,Whirlwind,Withdraw,Leafage,
788,Tapu Fini,Tapu Fini,Misty Terrain,Moonblast,Heal Pulse,Mean Look,Haze,Mist,Withdraw,Water Gun,
789,Cosmog,Cosmog,Splash,,,,,,,,
790,Cosmoem,Cosmoem,Cosmic Power,Teleport,Prev - Splash,,,,,,
791,Solgaleo,Solgaleo,Sunsteel Strike,Cosmic Power,Wake-Up Slap,Teleport,Metal Claw,,,,
792,Lunala,Lunala,Moongeist Beam,Cosmic Power,Hypnosis,Teleport,Confusion,,,,
793,Nihilego,Nihilego,Power Split,Guard Split,Tickle,Acid,Constrict,Pound,,,
794,Buzzwole,Buzzwole,Fell Stinger,Thunder Punch,Ice Punch,Reversal,Harden,Power-Up Punch,Focus Energy,,
795,Pheromosa,Pheromosa,Quiver Dance,Quick Guard,Low Kick,Rapid Spin,Leer,Double Kick,,,
796,Xurkitree,Xurkitree,Tail Glow,Spark,Charge,Wrap,Thunder Shock,,,,
797,Celesteela,Celesteela,Wide Guard,Air Slash,Ingrain,Absorb,Harden,Tackle,,,
798,Kartana,Kartana,Sacred Sword,Defog,Vacuum Wave,Air Cutter,Fury Cutter,Cut,,,
799,Guzzlord,Guzzlord,Belch,Wide Guard,Swallow,Stockpile,Dragon Rage,Bite,,,
800,Necrozma,Necrozma,Moonlight,Morning Sun,Charge Beam,Mirror Shot,Metal Claw,Confusion,,,
801,Magearna,Magearna,Crafty Shield,Gear Up,Shift Gear,Iron Head,Helping Hand,Sonic Boom,Defense Curl,Psybeam,
801,Magearna,Magearna (Original Color),Crafty Shield,Gear Up,Shift Gear,Iron Head,Helping Hand,Sonic Boom,Defense Curl,Psybeam,
802,Marshadow,Marshadow,Laser Focus,Assurance,Fire Punch,Thunder Punch,Ice Punch,Drain Punch,Counter,Pursuit,Shadow Sneak
